OBJECTID,SRA,HAZ_CODE,HAZ_CLASS,INCORP,VH_REC,ShapeSTArea,ShapeSTLength
1,SRA,1,Moderate, , ,1171924.96679688,10152.5335365725
2,SRA,1,Moderate, , ,6370045.07519531,16677.8347990302
3,SRA,1,Moderate, , ,15271665.4882812,76329.243888481
4,SRA,1,Moderate, , ,1790196.74023438,18640.8159252512
5,SRA,1,Moderate, , ,1164026.07128906,10179.0227966222
6,SRA,1,Moderate, , ,1444507.21191406,13790.9028044905
7,SRA,1,Moderate, , ,1141753.76464844,9711.80979862416
8,SRA,1,Moderate, , ,1275924.28710938,9901.56225313837
9,SRA,1,Moderate, , ,6733317.90136719,45974.5677990651
10,SRA,1,Moderate, , ,13239998.2216797,22571.5639969384
11,SRA,1,Moderate, , ,1399128.79980469,6203.99712414117
12,SRA,1,Moderate, , ,10288136.8730469,17880.8508179603
13,SRA,1,Moderate, , ,2397765.3359375,21667.7634682516
14,SRA,1,Moderate, , ,247453.418945312,2575.17298618395
15,SRA,1,Moderate, , ,3133949.02734375,16333.9223622998
16,SRA,1,Moderate, , ,3628027.18457031,15590.5608072871
17,SRA,1,Moderate, , ,1407813.90527344,7060.18829750633
18,SRA,1,Moderate, , ,1112254.15820312,5554.86312641798
19,SRA,1,Moderate, , ,1887184.390625,12444.7273846396
20,SRA,1,Moderate, , ,525424.360351562,4506.61010029103
21,SRA,1,Moderate, , ,1007393.41015625,6935.40982756085
22,SRA,1,Moderate, , ,273815.014648438,5661.1460198423
23,SRA,1,Moderate, , ,27769186.8759766,29364.2364394551
24,SRA,1,Moderate, , ,80680.158203125,5384.16305298543
25,SRA,1,Moderate, , ,15854934.2929688,29633.5716502523
26,SRA,1,Moderate, , ,423941.897460938,2649.43960214063
27,SRA,1,Moderate, , ,620142.788085938,4059.97849790952
28,SRA,1,Moderate, , ,4845910.81054688,20651.6654552273
29,SRA,1,Moderate, , ,1251807.43359375,9847.84981361264
30,SRA,1,Moderate, , ,65069621.09375,40157.1596328833
31,SRA,1,Moderate, , ,305048.879882812,4465.93470590061
32,SRA,1,Moderate, , ,428058.859375,6854.59046696959
33,SRA,1,Moderate, , ,4029815.93261719,13132.2563053809
34,SRA,1,Moderate, , ,29659890.8994141,35090.106670383
35,SRA,1,Moderate, , ,6461825.85644531,19504.0690248142
36,SRA,1,Moderate, , ,15704466.3271484,27097.5978015861
37,SRA,1,Moderate, , ,4057477.41113281,8410.39117242845
38,SRA,2,High, , ,1921470.171875,7848.98738442223
39,SRA,2,High, , ,2677117.4140625,12343.8647116934
40,SRA,2,High, , ,15143958.0654297,19522.596746972
41,SRA,2,High, , ,1673808.80078125,9560.91170949324
42,SRA,2,High, , ,1968038.6640625,15388.8922167979
43,SRA,2,High, , ,7317161.15234375,32398.5880209679
44,SRA,2,High, , ,208636.741210938,5961.02407708985
45,SRA,2,High, , ,137784.013671875,2366.92852012972
46,SRA,2,High, , ,318656.083007812,3017.65634659623
47,SRA,2,High, , ,229351.880859375,2784.40705444668
48,SRA,2,High, , ,6041972.45117188,12749.0655941496
49,SRA,2,High, , ,3155893.45800781,10293.7126487191
50,SRA,2,High, , ,914606.677734375,8130.19308795415
51,SRA,2,High, , ,474805.52734375,2982.46013413559
52,SRA,2,High, , ,4377086.83203125,27204.4900269439
53,SRA,2,High, , ,223938.821289062,2865.02494139459
54,SRA,2,High, , ,533766.427734375,3351.86589825412
55,SRA,2,High, , ,1127732.01464844,11381.9191504634
56,SRA,2,High, , ,232099.814453125,2027.62322904451
57,SRA,2,High, , ,24415530.9521484,50280.7584522929
58,SRA,2,High, , ,17965188.9970703,39386.2629664442
59,SRA,2,High, , ,57.986328125,6996.89415609948
60,SRA,2,High, , ,2554287.69042969,19036.6210711853
61,SRA,2,High, , ,32030850.703125,45632.1621720676
62,SRA,2,High, , ,1229068.99414062,14263.2185325193
63,SRA,2,High, , ,49945543.6630859,123636.284953796
64,SRA,2,High, , ,1803304.06542969,8990.10718342982
65,SRA,2,High, , ,719143966.975586,420852.718168134
66,SRA,2,High, , ,1025497.3203125,10599.2385803186
67,SRA,2,High, , ,16.7236328125,4312.469217007
68,SRA,2,High, , ,1517890.05664062,16132.9909393715
69,SRA,2,High, , ,501408471,270929.074632095
70,SRA,3,Very High, , ,1958213660.05859,442892.133477245
71,SRA,3,Very High, , ,323766.490234375,4185.2238154111
72,SRA,3,Very High, , ,343059.177734375,2911.23496131989
73,SRA,3,Very High, , ,5793012.65429688,13993.4777924485
74,SRA,3,Very High, , ,8999856.14941406,16320.83255182
75,SRA,3,Very High, , ,1556485.25292969,15696.4642134603
76,SRA,3,Very High, , ,502803.939453125,3744.75588288884
77,SRA,3,Very High, , ,162850337.671875,93073.2582966459
78,SRA,3,Very High, , ,1459181.51074219,5793.43771930737
79,SRA,3,Very High, , ,5503452.40527344,10965.4557630504
80,SRA,3,Very High, , ,3033430.9375,7891.7589036689
81,SRA,3,Very High, , ,3031188.39257812,7915.46605806842
82,SRA,3,Very High, , ,426768.173828125,3279.05526166859
83,SRA,3,Very High, , ,8658374.38964844,13174.552820151
84,SRA,3,Very High, , ,33653999.9257812,60542.9960043671
85,SRA,3,Very High, , ,7105963.79882812,10661.8075617569
86,SRA,3,Very High, , ,23593100.3291016,27286.026835066
87,SRA,3,Very High, , ,8606169.62597656,18363.0062331851
88,SRA,3,Very High, , ,2512385482.34668,822918.8532548
89,SRA,3,Very High, , ,3524031.82519531,7985.3771612319
90,SRA,3,Very High, , ,35.1865234375,29.6534077190258
91,SRA,3,Very High, , ,6369596.86230469,15861.773617441
92,SRA,3,Very High, , ,24013783.2910156,24825.1685966063
93,SRA,3,Very High, , ,4649842.97363281,14225.0693500795
94,SRA,3,Very High, , ,453695.529296875,3879.73735796364
95,SRA,3,Very High, , ,918481.3359375,4103.5139489632
96,SRA,3,Very High, , ,3474254.35449219,11115.4462729825
97,SRA,3,Very High, , ,32379653.6210938,38542.3287716683
98,SRA,3,Very High, , ,58052150.5253906,51244.382516767
99,SRA,3,Very High, , ,6732288.10742188,13040.4815861868
100,SRA,3,Very High, , ,33231084.265625,46974.0308193555
101,SRA,3,Very High, , ,47769019.1044922,102490.22395156
102,SRA,3,Very High, , ,1238782.38769531,4568.0755602491
103,SRA,3,Very High, , ,70909.2880859375,1148.46901502618
104,SRA,3,Very High, , ,217575.2578125,1865.79886363433
105,SRA,3,Very High, , ,1776969.36914062,5379.95775491933
106,SRA,3,Very High, , ,4217400.63574219,11290.0606800168
107,SRA,3,Very High, , ,2601566.05957031,7876.59815232821
108,SRA,3,Very High, , ,59606.2900390625,1051.41076569618
109,SRA,3,Very High, , ,85454.4150390625,1371.65010023994
110,SRA,3,Very High, , ,11052.81640625,469.975454097374
111,SRA,3,Very High, , ,32131.853515625,719.239321939287
112,SRA,3,Very High, , ,7229342.91699219,13718.7628650415
113,SRA,3,Very High, , ,7006583.66503906,10588.3171355154
114,SRA,3,Very High, , ,14465746.2089844,24604.5143462959
115,SRA,3,Very High, , ,4262199.75683594,10040.265298793
116,SRA,3,Very High, , ,2030257.89550781,8481.39455174489
117,SRA,3,Very High, , ,3464451.44042969,7889.36047099866
118,SRA,3,Very High, , ,30427244.6826172,48572.590779206
119,SRA,3,Very High, , ,42423838.5732422,40008.5232994217
120,SRA,3,Very High, , ,153205866.62207,157356.832971328
121,SRA,3,Very High, , ,327543.955078125,2555.39628792548
122,SRA,3,Very High, , ,1426827.45703125,6558.50665992885
123,SRA,3,Very High, , ,20290652.6259766,30508.8503005708
124,SRA,3,Very High, , ,608098.245117188,3505.00193835566
125,SRA,3,Very High, , ,6585996.81445312,10269.0894072487
126,SRA,3,Very High, , ,7073521.4765625,10638.699745693
127,SRA,3,Very High, , ,8054589.75097656,18651.5646467805
128,SRA,3,Very High, , ,3338544.04492188,9725.81429786588
129,SRA,3,Very High, , ,1117551.30859375,5787.33467473203
130,SRA,3,Very High, , ,878407.46484375,4338.95719370749
131,LRA,3,Very High, , ,2442383.47363281,6741.05318839075
132,SRA,3,Very High, , ,1172692.55859375,5739.8886260001
133,SRA,3,Very High, , ,900280.541015625,4200.3537758804
134,SRA,3,Very High, , ,10119764.4746094,15953.8781064438
135,SRA,3,Very High, , ,212528.892578125,2035.91398646471
136,SRA,3,Very High, , ,7456820.61230469,13945.8050704295
137,LRA,3,Very High, , ,70652167.1220703,73378.7932693634
138,SRA,3,Very High, , ,6895642.13476562,14104.6831580833
139,LRA,3,Very High, , ,144659.548828125,3047.36603638778
140,SRA,3,Very High, , ,785873.821289062,4140.99739305016
141,SRA,3,Very High, , ,6544511.36914062,12873.0461441945
142,SRA,3,Very High, , ,2919003.79101562,16848.1438058505
143,SRA,3,Very High, , ,1429637.16699219,8950.90958384789
144,SRA,3,Very High, , ,53132.0849609375,4185.91999453439
145,SRA,3,Very High, , ,1295431.70117188,8378.03853305733
146,SRA,3,Very High, , ,3330012.08691406,10010.277442356
147,SRA,3,Very High, , ,1640553.375,7181.03375213384
148,SRA,3,Very High, , ,984934.875,8483.21212429151
149,SRA,3,Very High, , ,1494024.9921875,7042.49673436975
150,SRA,3,Very High, , ,9902015.67871094,15766.4165526512
151,SRA,3,Very High, , ,7105111.79980469,26279.3974981549
152,SRA,3,Very High, , ,23793863.6816406,41188.3225161461
153,SRA,3,Very High, , ,20351210.6630859,44238.1873922877
154,SRA,3,Very High, , ,1463453.61621094,11086.7124201958
155,SRA,3,Very High, , ,10522922.5185547,19862.3388840147
156,SRA,3,Very High, , ,6941869.65136719,13214.1716252081
157,SRA,3,Very High, , ,318507.530273438,7289.88793416145
158,SRA,3,Very High, , ,7921494.94824219,22676.8674868886
159,SRA,3,Very High, , ,1745364.35449219,5284.57637477116
160,SRA,3,Very High, , ,1875898.71777344,6811.93663853048
161,SRA,3,Very High, , ,105928.495117188,1624.35212503091
162,SRA,3,Very High, , ,662.6376953125,1018.97455078728
163,SRA,3,Very High, , ,2007481.92773438,5721.06667115167
164,SRA,3,Very High, , ,6183878.33300781,16033.5256774457
165,SRA,3,Very High, , ,1984108.140625,6665.65894229382
166,SRA,3,Very High, , ,15361106.6132812,33412.5909773603
167,SRA,3,Very High, , ,28400888.8740234,37174.9213267032
168,SRA,3,Very High, , ,70278694.5986328,68475.4301047352
169,SRA,3,Very High, , ,279490.061523438,2185.47611233383
170,SRA,3,Very High, , ,3615819729.77246,988734.731749905
171,SRA,3,Very High, , ,5360642.1953125,13320.5698408259
172,SRA,3,Very High, , ,58828471.0419922,71343.872061156
173,SRA,3,Very High, , ,16018228.8203125,16980.0741376255
174,SRA,3,Very High, , ,17581443.4238281,30593.6154947644
175,SRA,3,Very High, , ,465194.014648438,3707.84209291146
176,SRA,3,Very High, , ,10038647.9902344,17783.622242316
177,SRA,3,Very High, , ,31213312.2832031,37253.9376925706
178,SRA,3,Very High, , ,182423119.770508,125980.131741164
179,SRA,2,High, , ,42.26171875,161.675282643023
180,SRA,2,High, , ,13.7548828125,335.646496413409
181,SRA,2,High, , ,7557.5673828125,1225.59103327756
182,SRA,2,High, , ,63783.1826171875,1224.08921855869
183,SRA,2,High, , ,111.234375,571.924896880899
184,SRA,2,High, , ,1285169.73925781,16756.4806422275
185,SRA,2,High, , ,9208.2216796875,1039.96375529583
186,SRA,2,High, , ,16961.8291015625,1193.41665939451
187,SRA,2,High, , ,1243.6826171875,633.399332371971
188,SRA,2,High, , ,3175.8564453125,1312.59373856701
189,SRA,2,High, , ,816.0751953125,227.755268931648
190,SRA,2,High, , ,205441.987304688,2221.55599543664
191,SRA,2,High, , ,189.5166015625,73.5609739089342
192,SRA,3,Very High, , ,1239.763671875,267.641763925444
193,SRA,3,Very High, , ,6712.0302734375,386.381373715922
194,SRA,3,Very High, , ,21090.7412109375,1090.47850290347
195,SRA,3,Very High, , ,34871.8076171875,4972.31711698179
196,SRA,3,Very High, , ,7396.4453125,1017.26943981891
197,SRA,1,Moderate, , ,15487019.0859375,18915.0807464307
198,SRA,1,Moderate, , ,2066628.75195312,11355.2550508941
199,SRA,1,Moderate, , ,871116.265625,3959.78242508156
200,SRA,1,Moderate, , ,1041642.19824219,8537.25137203234
201,SRA,1,Moderate, , ,1091388.38476562,4663.46512405824
202,SRA,1,Moderate, , ,716761.403320312,5355.81835114903
203,SRA,1,Moderate, , ,1529.8291015625,11030.4397107469
204,SRA,1,Moderate, , ,12.3310546875,227.4604087702
205,SRA,2,High, , ,245584.80078125,4487.88509244154
206,SRA,2,High, , ,3450221.88085938,13050.2079052192
207,SRA,2,High, , ,8520832.76855469,14789.5324701945
208,SRA,2,High, , ,3147742.62011719,8182.42892078881
209,SRA,2,High, , ,88581.0390625,1406.40378942999
210,SRA,2,High, , ,595756.239257812,22224.094616276
211,SRA,3,Very High, , ,335431.711914062,3178.18468509881
212,SRA,3,Very High, , ,10616604.0078125,21108.8249078544
213,SRA,3,Very High, , ,19877757.8740234,20843.7281497788
214,SRA,3,Very High, , ,78177554.4296875,57653.9549033859
215,SRA,3,Very High, , ,27394975.7128906,37662.1105525967
216,SRA,3,Very High, , ,1750079.07617188,5293.26417697675
217,SRA,3,Very High, , ,1620129.46191406,5091.82256956866
218,SRA,3,Very High, , ,860585.650390625,5875.41182720399
219,SRA,3,Very High, , ,12136064.9580078,21276.0267968765
220,SRA,3,Very High, , ,846317.287109375,6955.57906170679
221,SRA,3,Very High, , ,412612.69921875,2653.58136878392
222,SRA,3,Very High, , ,9122327.14941406,21180.4823005174
223,SRA,3,Very High, , ,21682843.2460938,43160.1453500669
224,SRA,3,Very High, , ,4336402.87402344,21149.7394966224
225,SRA,3,Very High, , ,2420297.04394531,10477.6236825208
226,SRA,3,Very High, , ,2430229.42773438,10657.3377691483
227,SRA,3,Very High, , ,2211720.89648438,6721.60136097799
228,SRA,3,Very High, , ,1459914.49902344,6386.31768219756
229,SRA,3,Very High, , ,11817371.7421875,20090.3435892328
230,SRA,3,Very High, , ,34914194.9648438,29604.574049597
231,SRA,3,Very High, , ,6803451.35546875,10438.7153693659
232,SRA,3,Very High, , ,1174426.66113281,8696.21259953146
233,SRA,3,Very High, , ,1769497.57617188,5320.95018558779
234,SRA,3,Very High, , ,10240894.2890625,23036.5128090041
235,SRA,3,Very High, , ,871005.834960938,3959.47991321384
236,SRA,3,Very High, , ,13453791.8828125,37381.0567484376
237,SRA,3,Very High, , ,5925104.51269531,23251.2022892069
238,SRA,3,Very High, , ,1631455.52734375,15647.2600437606
239,SRA,3,Very High, , ,33911284.1259766,52943.0007822471
240,SRA,3,Very High, , ,10439852.4179688,26880.8754413477
241,SRA,3,Very High, , ,50964377.2158203,82956.1070071531
242,SRA,3,Very High, , ,1866.8974609375,488.179949866948
243,SRA,3,Very High, , ,1968.8564453125,249.243860725744
244,SRA,3,Very High, , ,79.669921875,53.1888643134817
245,SRA,3,Very High, , ,7592.7607421875,818.029917810835
246,SRA,3,Very High, , ,2413.95703125,232.039257890282
247,SRA,3,Very High, , ,2119.0166015625,358.721409107903
248,SRA,1,Moderate, , ,206187973.542969,113092.976522864
249,SRA,1,Moderate, , ,473758588.993164,171713.921473742
250,SRA,2,High, , ,185.0234375,14475.2575331973
251,SRA,2,High, , ,3688400.93164062,11034.6728047968
252,SRA,2,High, , ,2274725377.54492,686440.484258818
253,SRA,3,Very High, , ,279946012.224609,163979.928706567
254,SRA,3,Very High, , ,41275272.3183594,61065.3568489765
255,SRA,3,Very High, , ,8982900.86816406,14643.2099521593
256,SRA,3,Very High, , ,5769129.65527344,12806.1412808326
257,SRA,3,Very High, , ,54478788.6435547,62076.2339067824
258,SRA,3,Very High, , ,3199268304.04004,1284714.83412951
259,SRA,3,Very High, , ,51217.158203125,1036.72911983118
260,SRA,3,Very High, , ,7539595.6875,13414.9481052153
261,LRA,3,Very High, , ,14593058.9003906,17768.3912034394
262,LRA,3,Very High, , ,4560773.78125,9193.54802967869
263,LRA,3,Very High, , ,347384.80078125,2631.67240218168
264,LRA,3,Very High, , ,439179.741210938,3597.73257108795
265,LRA,3,Very High, , ,100965177.630859,194312.804613645
266,LRA,3,Very High, , ,762093.575195312,4118.36958303685
267,LRA,3,Very High, , ,56805797.8085938,58560.5918597351
268,LRA,3,Very High, , ,368802.868164062,2880.33120424025
269,LRA,3,Very High, , ,18926379.2402344,30451.4297486173
270,LRA,3,Very High, , ,1553991.43457031,7310.28995832803
271,LRA,3,Very High, , ,9692037.66699219,30380.3002750765
272,LRA,3,Very High, , ,4.1943359375,1420.80165846953
273,LRA,3,Very High, , ,287788.331054688,4092.84772554053
274,LRA,3,Very High, , ,2463922.13964844,15199.9595763958
275,LRA,3,Very High, , ,3199714.45117188,10677.0350818549
276,LRA,3,Very High, , ,4471560.59570312,12011.0033420856
277,LRA,3,Very High, , ,0.708984375,523.041084065355
278,LRA,3,Very High, , ,1974997.80175781,5723.69676621602
279,LRA,3,Very High, , ,4353167.22070312,12835.1831408828
280,LRA,3,Very High, , ,17.685546875,2093.14336437258
281,LRA,3,Very High, , ,13033131.2587891,17159.4755606356
282,LRA,3,Very High, , ,10.251953125,2617.23580824068
283,LRA,3,Very High, , ,64275855.0361328,46553.3066572349
284,LRA,3,Very High, , ,7840592.05566406,16229.8166528585
285,LRA,3,Very High, , ,1967312.36914062,11994.3892191503
286,LRA,3,Very High, , ,2049823.74902344,9243.91988829726
287,LRA,3,Very High, , ,10974196.6904297,21812.887878078
288,LRA,3,Very High, , ,6798269.02539062,19804.3811978084
289,LRA,3,Very High, , ,7045136.92871094,10610.8151936071
290,LRA,3,Very High, , ,335431.69921875,3178.18468509881
291,LRA,3,Very High, , ,6.0849609375,1069.58756129548
292,LRA,3,Very High, , ,3713272.47167969,11810.0995249487
293,LRA,3,Very High, , ,0.115234375,13.56757418856
294,LRA,3,Very High, , ,4250561.75097656,9817.45670345876
295,LRA,3,Very High, , ,4735578.78027344,13634.9002812807
296,LRA,3,Very High, , ,1.4619140625,404.984131498657
297,LRA,3,Very High, , ,0.8125,71.7303609999433
298,LRA,3,Very High,Y, ,85053266.1396484,56170.1349284885
299,LRA,3,Very High,Y, ,1295508.26367188,6414.40046737169
300,LRA,3,Very High,Y, ,691342957.458984,198399.921329565
301,LRA,3,Very High,Y, ,3309501.74023438,11763.8848834506
302,LRA,3,Very High,Y, ,15411755.4648438,23987.2302340408
303,LRA,3,Very High,Y, ,1540442.31152344,5947.0322952027
304,LRA,3,Very High,Y, ,3784645.38574219,12137.5870132295
305,LRA,3,Very High,Y, ,2095395.60839844,7514.83135891198
306,LRA,3,Very High,Y, ,74486254.1191406,96614.3589687657
307,LRA,3,Very High,Y, ,236647359.166016,218206.36868661
308,LRA,3,Very High,Y, ,10771434.8378906,24190.5071948405
309,LRA,3,Very High,Y, ,30276007.2695312,51019.6328413927
310,LRA,3,Very High,Y, ,3694640.76464844,10470.3691169153
311,LRA,3,Very High,Y, ,510819581.541016,274276.125658091
312,LRA,3,Very High,Y, ,5066326.70800781,11972.9156864872
313,LRA,3,Very High,Y, ,77176695.4169922,138789.953114914
314,LRA,3,Very High,Y, ,45666023.1875,46613.6784195848
315,LRA,3,Very High,Y, ,2296521.89550781,7325.46371065069
316,LRA,3,Very High,Y, ,3072135.06738281,9788.50831181891
317,LRA,3,Very High,Y, ,3385453.58203125,10363.7043926147
318,LRA,3,Very High,Y, ,83875087.5839844,46610.810960266
319,LRA,3,Very High,Y, ,1337984.97070312,9536.56265551692
320,LRA,3,Very High,Y, ,950398.905273438,5623.42055873507
321,LRA,3,Very High,Y, ,825980.541992188,4321.06933720428
322,LRA,3,Very High,Y, ,210935.30078125,3004.6314932316
323,LRA,3,Very High,Y, ,1301113.30664062,8541.91030708638
324,LRA,3,Very High,Y, ,11976617.0019531,31813.3571224095
325,LRA,3,Very High,Y, ,3282987721.53906,772141.939660351
326,LRA,3,Very High,Y, ,4177110.32910156,17777.3302663864
327,LRA,3,Very High,Y, ,4096977.9453125,11109.2887178758
328,LRA,3,Very High,Y, ,872601444.22168,623781.311923567
329,LRA,3,Very High,Y, ,7844328.35351562,20968.0319648407
330,LRA,3,Very High,Y, ,50436453.4326172,55751.8942144194
331,LRA,3,Very High,Y, ,3315937.58496094,9299.20778706422
332,LRA,3,Very High,Y, ,1964802457.5127,674821.72642824
333,LRA,3,Very High,Y, ,476290950.9375,302478.781015676
334,LRA,3,Very High,Y, ,2658933,10103.2170159829
335,LRA,3,Very High,Y, ,54628353.8574219,45419.4730080081
336,LRA,3,Very High,Y, ,351256737.445312,213560.977742303
337,LRA,3,Very High,Y, ,25812221.4248047,34087.0792800731
338,LRA,3,Very High,Y, ,303298816.569336,357350.716324593
339,LRA,3,Very High,Y, ,15589865.0966797,39373.733421852
340,LRA,3,Very High,Y, ,432201.864257812,3460.74290945655
341,LRA,3,Very High,Y, ,693900522.8125,234080.792038248
342,LRA,3,Very High, ,Very High,293830.530273438,3163.31885964561
343,LRA,3,Very High, ,Very High,124764.650390625,5998.83150096701
344,LRA,3,Very High, , ,1.109375,38.3991424799165
345,LRA,3,Very High, , ,11190111.5634766,40206.1508982822
346,LRA,3,Very High, , ,131785.145507812,4001.42369785422
347,LRA,3,Very High, , ,846467.73046875,16284.5229421813
348,LRA,3,Very High, , ,0.6435546875,203.615134870293
349,LRA,3,Very High, , ,2901679.47167969,41076.4295987518
350,LRA,3,Very High, , ,944.3798828125,369.920127855687
351,LRA,3,Very High, , ,3.0322265625,1357.99465298075
352,LRA,3,Very High, , ,71822.5283203125,23291.8986424194
353,LRA,3,Very High, , ,1436.576171875,12253.1819804001
354,LRA,3,Very High, , ,4016033.16894531,236522.550772366
355,LRA,3,Very High, , ,6862341.45996094,13196.2900150924
356,LRA,3,Very High, , ,655353.313476562,4292.20466260494
357,LRA,3,Very High, , ,1316670.8671875,6510.2782892276
358,LRA,3,Very High, , ,4893995.86621094,11817.5465922757
359,LRA,3,Very High, , ,1110188.58203125,5785.54419515997
360,LRA,3,Very High, , ,1366458.17675781,4942.86331498304
361,LRA,3,Very High, , ,4531139.3515625,12635.0201890275
362,LRA,3,Very High, , ,21433204.5263672,35141.9194682607
363,LRA,3,Very High, , ,329945.83984375,2644.97557465014
364,LRA,3,Very High, , ,880093.850585938,6800.9306028428
365,LRA,3,Very High, , ,26470567.9912109,59544.2283806438
366,LRA,3,Very High, , ,10689563.0175781,26177.1502877891
367,LRA,3,Very High, , ,234199.989257812,5331.39379511367
368,LRA,3,Very High, , ,37539720.25,43034.6854856117
369,LRA,3,Very High, , ,2326571.35449219,10002.153680662
370,LRA,3,Very High, , ,360179.123046875,10192.2175327795
371,LRA,3,Very High, , ,9199555.15722656,14890.3761809932
372,LRA,3,Very High, , ,3546186.37304688,8303.96701741608
373,LRA,3,Very High, , ,292445.34375,16437.9740906281
374,LRA,3,Very High, , ,6237490.52148438,14684.3772180036
375,LRA,3,Very High, , ,348434.26171875,5270.28252767818
376,LRA,3,Very High, , ,4058578.66308594,18323.2259793826
377,LRA,3,Very High, , ,20099545.453125,64283.2448818217
378,LRA,3,Very High, , ,12815611.2763672,28368.2884698279
379,LRA,3,Very High, , ,2137582.79101562,10324.0727041864
380,LRA,3,Very High, , ,860433.567382812,8507.0083737457
381,LRA,3,Very High, , ,37943759.3798828,59200.3925534661
382,LRA,3,Very High, , ,1545758.17089844,7690.46801821147
383,LRA,3,Very High, , ,1133797.9140625,5656.67284735746
384,LRA,3,Very High, , ,218941.127929688,3258.91538973638
385,LRA,3,Very High, , ,6511726.5625,23171.234714643
386,LRA,3,Very High, , ,874410.03125,6153.90739229787
387,LRA,3,Very High, , ,1943656.47363281,8804.95245382004
388,LRA,3,Very High, , ,4441348.73925781,15785.1545873258
389,LRA,3,Very High, , ,20782656.9892578,72318.6775259574
390,LRA,3,Very High, , ,4012977.59375,17348.6926141809
391,LRA,3,Very High, , ,6016167.70605469,22038.1936466533
392,LRA,3,Very High, , ,6319249.05078125,13216.726103447
393,LRA,3,Very High, , ,17181603.3037109,33103.6408602515
394,LRA,3,Very High, , ,21868603.8798828,49399.6826828011
395,LRA,3,Very High, , ,4395088.42773438,16447.2296404892
396,LRA,3,Very High, , ,7892806.72265625,22651.8031275619
397,LRA,3,Very High, , ,1310353.16113281,7298.75371776074
398,LRA,3,Very High, , ,27577617.5654297,77696.7358109546
399,LRA,3,Very High,Y, ,141.806640625,29659.1878803989
400,LRA,3,Very High,Y, ,33.748046875,5111.71741094946
401,LRA,3,Very High,Y, ,85.2724609375,9213.9892468618
402,LRA,3,Very High,Y,Very High,20426364.7236328,25369.0008661447
403,LRA,3,Very High,Y, ,2203.9375,314.237378989203
404,LRA,3,Very High,Y,Very High,16750244.5673828,25748.8731210552
405,LRA,3,Very High,Y, ,19290.7470703125,1111.01130514951
406,LRA,3,Very High,Y, ,11.48046875,956.76444874213
407,LRA,3,Very High,Y, ,2.5478515625,23.4824097777447
408,LRA,3,Very High,Y, ,8682969.5078125,20583.1886300261
409,LRA,3,Very High,Y, ,2.142578125,356.707577635566
410,LRA,3,Very High,Y, ,14.16796875,2635.13363901389
411,LRA,3,Very High,Y, ,1.8798828125,149.892055201368
412,LRA,3,Very High,Y, ,45.5341796875,6046.17549597939
413,LRA,3,Very High,Y, ,0.056640625,10.2969679715319
414,LRA,3,Very High,Y, ,20.095703125,2197.15395147908
415,LRA,3,Very High,Y, ,60.658203125,8200.98304839763
416,LRA,3,Very High,Y, ,246.9208984375,24862.294350384
417,LRA,3,Very High,Y, ,7.927734375,2578.15714823286
418,LRA,3,Very High,Y, ,0.576171875,135.019164971513
419,LRA,3,Very High,Y, ,10627880.8046875,16928.0464953696
420,FRA,3,Very High, ,Very High,101919.791992188,9729.05952525461
421,FRA,2,High, , ,14166566.6279297,16023.9942789501
422,FRA,3,Very High, ,Very High,15279.5498046875,793.716965906519
423,FRA,3,Very High, ,Very High,3530586.14648438,7959.25646398124
424,FRA,3,Very High, ,Very High,43779.6806640625,6421.80590362404
425,FRA,3,Very High, ,Very High,9343550833.4834,1423822.19841227
426,FRA,3,Very High, ,Very High,851086.30859375,4143.54326136696
427,FRA,3,Very High, ,Very High,6951176.05664062,10546.4114109944
428,FRA,3,Very High, ,Very High,38717.9443359375,1021.74760176362
429,FRA,2,High, , ,31634395.5800781,62789.4663535104
430,FRA,1,Moderate, , ,10712690.5068359,60031.8507781431
431,FRA,3,Very High, ,Very High,57466428.3115234,56886.9679141419
432,FRA,3,Very High, ,Very High,28232569.4169922,32618.3690141409
433,FRA,3,Very High, ,Very High,728709.092773438,4686.66333596019
434,FRA,2,High, , ,11249.7900390625,451.766450851954
435,FRA,2,High, , ,28220.0576171875,1709.40656160669
436,FRA,3,Very High, ,Very High,6632937.30566406,13157.6348655636
437,FRA,3,Very High, ,Very High,9930556.50097656,16615.3049733715
438,FRA,3,Very High, ,Very High,2561.4111328125,264.667983807953
439,FRA,3,Very High, ,Very High,57343.2109375,4636.81803584746
440,FRA,3,Very High, ,Very High,2640.470703125,268.85453197575
441,FRA,3,Very High, ,Very High,2733.8564453125,273.456135557663
442,FRA,3,Very High, ,Very High,1901.5849609375,228.249340120279
443,FRA,3,Very High, ,Very High,11480.3994140625,972.841605759631
444,FRA,3,Very High, ,Very High,921136.809570312,10640.7445384572
445,FRA,3,Very High, ,Very High,12629.119140625,1019.94166317303
446,FRA,3,Very High, ,Very High,8942.46484375,858.259844207978
447,FRA,3,Very High, ,Very High,3419886.95800781,7860.92919702925
448,FRA,3,Very High, ,Very High,1596412.75097656,5058.94568144971
449,FRA,3,Very High, ,Very High,216645.766601562,1973.14996144804
450,FRA,2,High, , ,19915415.3701172,49902.9806571535
451,FRA,3,Very High, ,Very High,186.1923828125,200.598589334652
452,FRA,2,High,Y, ,31276.5908203125,4190.94334246608
453,FRA,3,Very High,Y,Very High,180819.975585938,6520.42637197825
454,FRA,3,Very High, ,Very High,14712173.5253906,32269.958181854
455,FRA,3,Very High, ,Very High,19375768.7470703,26817.8520865087
456,FRA,3,Very High, ,Very High,8342195.26171875,15705.4260954219
457,FRA,3,Very High, ,Very High,1793008.72753906,5356.21849505035
458,FRA,3,Very High, ,Very High,1748834.04492188,5289.93143892931
459,FRA,3,Very High, ,Very High,421768.334960938,2603.06910485889
460,FRA,3,Very High, ,Very High,3893783.1640625,9207.04142473663
461,FRA,2,High, , ,68810.4248046875,4834.3422757956
462,FRA,1,Moderate, , ,20876740.46875,43039.1994319979
463,FRA,2,High, , ,49512.001953125,4051.75648812949
464,FRA,2,High, , ,614.2099609375,522.004765534076
465,FRA,3,Very High, ,Very High,3042406.13085938,7914.75078850125
466,FRA,3,Very High, ,Very High,18587743091.7168,1897618.85013391
467,FRA,3,Very High, ,Very High,3529224.46191406,8004.71650995954
468,FRA,1,Moderate, , ,3727257.82128906,11153.1905214554
469,FRA,2,High, , ,51722.4130859375,4173.09618689037
470,FRA,2,High, , ,1792065.59863281,5449.75118415712
471,FRA,2,High, , ,19956.2470703125,981.584152781654
472,FRA,2,High, , ,41084.40234375,2433.9034053034
473,FRA,2,High, , ,30801.5263671875,1467.92182662167
474,FRA,2,High, , ,33430.8662109375,3386.86300208274
475,FRA,1,Moderate, , ,15581337.6962891,38675.0806787947
476,FRA,2,High, , ,75930.1044921875,6237.00080293513
477,FRA,2,High, , ,9316.4169921875,488.518475101602
478,FRA,2,High, , ,60955.34765625,5150.22202755027
479,FRA,3,Very High, ,Very High,12948758.9960938,26542.884075307
480,FRA,3,Very High, ,Very High,1725886.3984375,5255.05901773411
481,FRA,3,Very High, ,Very High,873373.266601562,3948.6080175745
482,FRA,3,Very High, ,Very High,5250035.22949219,10551.3064554871
483,FRA,2,High, , ,20978.0439453125,1028.40005848632
484,FRA,2,High, , ,8832.44140625,483.641659121258
485,FRA,2,High, , ,21387.4013671875,2432.03958157639
486,FRA,3,Very High, ,Very High,1897006.14453125,5518.91014464373
487,FRA,3,Very High, ,Very High,454400.059570312,2697.02083001861
488,FRA,2,High, , ,9221.15234375,487.291986171324
489,FRA,3,Very High, ,Very High,1816424.22949219,5391.54880044031
490,FRA,3,Very High, ,Very High,12205817.5058594,15859.7258385273
491,FRA,3,Very High, ,Very High,1750353.97949219,5292.36895470784
492,FRA,3,Very High, ,Very High,10382753.9013672,15697.1024188721
493,FRA,2,High, , ,10382075.6367188,22625.5538381921
494,FRA,2,High, , ,30039.109375,3124.5492388991
495,FRA,3,Very High, ,Very High,115142.734375,2060.02252666753
496,FRA,2,High, , ,217577.025390625,1982.9329806898
497,FRA,2,High, , ,3538090.43164062,7965.36861952239
498,FRA,2,High, , ,25836.7744140625,4689.35194523586
499,FRA,3,Very High, ,Very High,1263887.70019531,5195.46587839388
500,FRA,2,High, , ,1457487.01953125,6405.97446778069
501,FRA,3,Very High, ,Very High,1779677.41894531,5340.46558820645
502,FRA,2,High, , ,18184696.9238281,43193.3053418079
503,FRA,3,Very High, ,Very High,8351268.92382812,28561.254129528
504,FRA,2,High, , ,3495076.45703125,7939.63503545343
505,FRA,3,Very High, ,Very High,3609444.81347656,7910.77664245865
506,FRA,3,Very High, ,Very High,687690.48046875,3428.11733209231
507,FRA,3,Very High, ,Very High,13788489.7753906,22746.224366145
508,FRA,3,Very High, ,Very High,17506106.5927734,20000.6218485013
509,FRA,3,Very High, ,Very High,36244696.3398438,37167.4198102816
510,FRA,3,Very High, ,Very High,34161.0048828125,1274.41860132801
511,FRA,3,Very High, ,Very High,241638.497070312,2066.99951664359
512,FRA,2,High, , ,1738293.95410156,5273.79105093184
513,FRA,3,Very High, ,Very High,13608.3251953125,1801.70581260951
514,FRA,2,High, , ,3327066.77441406,9352.2208060663
515,FRA,2,High, , ,49255.337890625,4250.58789161834
516,FRA,3,Very High, ,Very High,709.373046875,595.116802703322
517,FRA,3,Very High, ,Very High,7401411.47558594,10888.1971553611
518,FRA,3,Very High, ,Very High,20607170.8085938,24724.9919289265
519,FRA,2,High, , ,1706614.11816406,5225.90223242763
520,FRA,3,Very High, ,Very High,1656195.57324219,5155.09183172428
521,FRA,3,Very High, ,Very High,21142.8408203125,4458.33128916832
522,FRA,2,High, , ,9289.046875,488.185788573766
523,FRA,3,Very High, ,Very High,1677834.0078125,5183.38090004088
524,FRA,3,Very High, ,Very High,33974.5556640625,1541.17299881074
525,FRA,3,Very High, ,Very High,2249082.36035156,6560.02351585998
526,FRA,2,High, , ,1716776.05566406,7189.57291784519
527,FRA,3,Very High, ,Very High,887478.314453125,3993.89989999458
528,FRA,3,Very High, ,Very High,161630.873046875,1757.77807164322
529,FRA,3,Very High, ,Very High,3526690.4609375,7970.77933296188
530,FRA,3,Very High, ,Very High,3523270.92578125,7920.59405326933
531,FRA,2,High, , ,7988.53125,1000.2261825569
532,FRA,3,Very High,Y,Very High,4833.7080078125,5311.75723900702
533,FRA,2,High, , ,3281836.48632812,8143.98683913971
534,FRA,2,High, , ,19062.6337890625,2434.60185690267
535,FRA,3,Very High, ,Very High,219198.833007812,3948.8954455993
536,FRA,2,High, , ,30699.775390625,1755.80511911834
537,FRA,2,High, , ,38912.9111328125,2238.22076857737
538,FRA,2,High, , ,14897.513671875,2306.93785379345
539,FRA,2,High, , ,54767.1767578125,4930.3260314747
540,FRA,3,Very High, ,Very High,1278.4931640625,667.706624071806
541,FRA,3,Very High, ,Very High,3484497.66015625,7947.74515989445
542,FRA,3,Very High, ,Very High,3118970.55273438,8506.82791611763
543,FRA,2,High, , ,50845.224609375,3215.5275302784
544,FRA,2,High, , ,45306.7109375,3790.97419403778
545,FRA,2,High, , ,36402.5068359375,2233.64522060858
546,FRA,2,High, , ,3905.603515625,1153.4118108282
547,FRA,3,Very High, ,Very High,3461449.02246094,7910.33737557174
548,FRA,2,High, , ,59844.546875,3896.74289390298
549,FRA,1,Moderate, , ,16531320.9013672,31846.7405570833
550,FRA,2,High, , ,44312.0986328125,3632.44408265196
551,FRA,2,High, , ,979307.950195312,7431.03503158121
552,FRA,2,High, , ,192472.296875,1950.09352007861
553,FRA,2,High, , ,16112.955078125,869.573428069902
554,FRA,2,High, , ,19650.048828125,1435.71617831328
555,FRA,2,High, , ,124453.205078125,1586.04209179507
556,FRA,2,High, , ,69727.68359375,1217.19578424608
557,FRA,2,High, , ,1517.7216796875,227.74991152209
558,FRA,2,High, , ,33507.5869140625,2102.00846312073
559,FRA,2,High, , ,197.431640625,67.8866111521982
560,FRA,1,Moderate, , ,1468.0439453125,568.315988642433
561,FRA,1,Moderate, , ,10717.388671875,1650.60257776422
562,FRA,1,Moderate, , ,8579.462890625,1313.362161091
563,FRA,1,Moderate, , ,2742.83984375,209.875370802534
564,FRA,1,Moderate, , ,12497.08203125,675.541437760916
565,FRA,1,Moderate, , ,10252.5654296875,645.241605401478
566,FRA,1,Moderate, , ,5258.7236328125,626.399665447953
567,FRA,2,High, , ,31492.11328125,1136.5302209498
568,FRA,3,Very High,Y,Very High,330636.068359375,11435.8886968893
569,FRA,3,Very High,Y,Very High,8338.11328125,4138.37436746789
570,FRA,3,Very High,Y,Very High,738.8544921875,559.280678853997
571,FRA,3,Very High, ,Very High,7501037.3046875,18217.4891456186
572,FRA,3,Very High,Y,Very High,3073.5615234375,1549.75672617169
573,FRA,3,Very High, ,Very High,1547291.47460938,6004.50612857736
574,FRA,3,Very High, ,Very High,6367118.07910156,16159.2950229063
575,FRA,3,Very High,Y,Very High,63255.0361328125,13252.6138523258
576,FRA,3,Very High, ,Very High,8381728.92480469,13157.7601251794
577,FRA,3,Very High, ,Very High,3531864.58984375,7966.09206553962
578,FRA,3,Very High, ,Very High,622777.2890625,5625.43318372983
579,FRA,3,Very High, ,Very High,3155552.20898438,7604.88143451486
580,FRA,3,Very High, ,Very High,1686967.40234375,5195.64479261201
581,FRA,3,Very High, ,Very High,3291675.74414062,7673.35914893266
582,FRA,3,Very High,Y,Very High,323.7119140625,85.5665362841424
583,FRA,3,Very High,Y,Very High,7688.5400390625,2255.35296454508
584,FRA,3,Very High,Y,Very High,1691.400390625,448.10682195482
585,FRA,3,Very High, ,Very High,3447637.91210938,7951.15963831579
586,FRA,3,Very High, ,Very High,25125455.5449219,33277.0883728949
587,FRA,3,Very High,Y,Very High,12981949.2890625,24101.7788023642
588,FRA,3,Very High,Y,Very High,10443993.9794922,15838.9597717398
589,FRA,3,Very High,Y,Very High,91865272.4160156,64651.6042392606
590,FRA,3,Very High,Y,Very High,1438.1455078125,864.601724580382
591,FRA,3,Very High,Y,Very High,182481.598632812,10680.9037408594
592,FRA,3,Very High,Y,Very High,9280872.29980469,31063.8860025996
593,FRA,3,Very High, ,Very High,193905.626953125,2045.18311005714
594,FRA,3,Very High,Y,Very High,32087.1181640625,4962.53830980506
595,FRA,3,Very High, ,Very High,3406898.88867188,7889.52987538475
596,FRA,3,Very High, ,Very High,440706.678710938,5093.17255955081
597,FRA,3,Very High,Y,Very High,15473.35546875,2678.15089617211
598,FRA,3,Very High,Y,Very High,2264189.00097656,6788.93039159333
599,FRA,3,Very High,Y,Very High,54945.2255859375,3303.8926281351
600,FRA,3,Very High, ,Very High,3673823.79296875,8288.60970348295
601,FRA,3,Very High,Y,Very High,452610.84375,4474.38344107437
602,FRA,3,Very High,Y,Very High,231916235.859375,92415.4093052581
603,FRA,3,Very High,Y,Very High,1629802.61230469,5109.2367419251
604,FRA,3,Very High,Y,Very High,124288039.62207,83954.8068610767
605,FRA,3,Very High,Y,Very High,27583233.7539062,23604.6790013929
606,FRA,3,Very High,Y,Very High,42840.32421875,10680.702981684
607,FRA,3,Very High,Y,Very High,67374.427734375,10628.7033296093
608,FRA,3,Very High, ,Very High,5000711.62597656,10494.5666107217
609,FRA,3,Very High,Y,Very High,102761.51171875,5080.14107370461
610,FRA,3,Very High,Y,Very High,7045055.21289062,13300.2867564055
611,FRA,3,Very High, ,Very High,33204215.4296875,30811.5041416095
612,FRA,3,Very High, ,Very High,1837271.34277344,5426.60283990343
613,FRA,3,Very High,Y,Very High,65683.4189453125,6505.657396116
614,FRA,3,Very High, ,Very High,6629489.90820312,10067.4373840559
615,FRA,3,Very High, ,Very High,3333646.72363281,9246.08597413544
616,FRA,3,Very High, ,Very High,3454142.83691406,11464.6564068052
617,FRA,3,Very High, ,Very High,1782411.66796875,5340.83597808859
618,FRA,3,Very High, ,Very High,12040726.1279297,19025.1868921421
619,FRA,3,Very High, ,Very High,8622362.18652344,13140.3395523435
620,FRA,3,Very High, ,Very High,36275255.2929688,56078.640971625
621,FRA,3,Very High, ,Very High,259017100.075195,178065.323586128
622,FRA,3,Very High, ,Very High,1094232.00976562,4310.99072975688
623,FRA,3,Very High, ,Very High,1456979.37011719,5573.03060037105
624,FRA,3,Very High, ,Very High,3591933.01757812,11006.6386622272
625,FRA,3,Very High, ,Very High,1410979.85351562,5590.2608360425
626,FRA,3,Very High, ,Very High,670371.905273438,3991.35952742685
627,FRA,3,Very High, ,Very High,653991.84765625,3248.04978300434
628,FRA,3,Very High, ,Very High,211942.438476562,1902.75434262699
629,FRA,3,Very High, ,Very High,442860.715820312,2662.36084997517
630,FRA,3,Very High, ,Very High,53110807.9482422,61219.921523604
631,FRA,3,Very High, ,Very High,6837605.8671875,10384.7892509792
632,FRA,3,Very High, ,Very High,7171970.21582031,11868.8229780993
633,FRA,3,Very High, ,Very High,1741969.30371094,5257.04816542115
634,FRA,3,Very High, ,Very High,705488.955078125,4299.64150093052
635,FRA,3,Very High, ,Very High,587164.1484375,5298.29237329432
636,FRA,3,Very High, ,Very High,506969.887695312,4174.82952307362
637,FRA,3,Very High, ,Very High,1508876.890625,5861.41457835514
638,FRA,3,Very High, ,Very High,322041.017578125,2406.78523985914
639,FRA,3,Very High, ,Very High,3529366.45117188,7964.9705517307
640,FRA,3,Very High, ,Very High,1012046.21386719,4177.4960811988
641,FRA,3,Very High, ,Very High,4501844.4765625,10570.862942364
642,FRA,3,Very High, ,Very High,3547347.40722656,8759.44643290121
643,FRA,3,Very High, ,Very High,108718.458984375,5223.7193547392
644,FRA,3,Very High, ,Very High,2056475.04394531,5766.94695141944
645,FRA,3,Very High, ,Very High,431169.09765625,2626.60715858649
646,FRA,3,Very High, ,Very High,651048.412109375,3947.47591089458
647,FRA,3,Very High, ,Very High,307662.7734375,3572.33721200782
648,FRA,3,Very High, ,Very High,184829.337890625,2225.13752655431
649,FRA,3,Very High, ,Very High,5506505.06152344,9322.08310244579
650,FRA,3,Very High, ,Very High,893056.794921875,6059.02275386987
651,FRA,3,Very High, ,Very High,15125811.2392578,17554.7483019058
652,FRA,3,Very High,Y,Very High,32089784.8486328,42555.1429651774
653,FRA,3,Very High,Y,Very High,8767926.39550781,15307.6270580344
654,FRA,3,Very High,Y,Very High,184880.05859375,2827.93895136225
655,FRA,3,Very High, ,Very High,7372096.11035156,19911.933242618
656,FRA,2,High, , ,77655347.1416016,133636.547574573
657,FRA,3,Very High, ,Very High,1425559148.64941,371973.537602068
658,FRA,2,High, , ,1440874.66992188,9255.27463057076
659,FRA,1,Moderate, , ,2869446.07714844,13181.2225398772
660,FRA,3,Very High, ,Very High,1856966.18359375,13076.3364634226
661,FRA,2,High, , ,2100991.58886719,12976.6219563292
662,FRA,2,High, , ,43433574.2333984,64157.6751516655
663,FRA,2,High, , ,2757172.48535156,16591.3948671345
664,FRA,3,Very High, ,Very High,2852542.50292969,7176.04500089249
665,FRA,3,Very High, ,Very High,6476756.23535156,13818.790455821
666,FRA,3,Very High, ,Very High,2929613.56347656,7164.10076509908
667,FRA,3,Very High, ,Very High,444457.338867188,3669.92612731409
668,FRA,3,Very High, ,Very High,903569.005859375,5389.46775152844
669,FRA,3,Very High, ,Very High,28639824.5791016,41173.7096696936
670,SRA,3,Very High, , ,3681512338.03613,952170.455842322
671,SRA,3,Very High, , ,10527462.5908203,13243.3613575739
672,SRA,3,Very High, , ,14141419.0986328,18596.1257631919
673,LRA,3,Very High, , ,63659254.2607422,85891.5182089427
674,LRA,3,Very High, , ,282471.89453125,3427.80423325822
675,LRA,3,Very High, , ,4392037.671875,10845.8522667741
676,SRA,3,Very High, , ,83460712.5761719,77469.1156370288
677,LRA,3,Very High, , ,27776686.1699219,34205.0287248672
678,LRA,3,Very High, , ,1555536.64257812,7926.22843796694
679,LRA,3,Very High, , ,5.9091796875,249.195818914943
680,LRA,3,Very High, , ,201.662109375,2123.86681740655
681,LRA,3,Very High, , ,12.9013671875,419.642825331523
682,LRA,3,Very High, , ,34.8095703125,666.566850467033
683,LRA,3,Very High, , ,767.615234375,6174.58700737416
684,LRA,3,Very High, , ,149.2001953125,270.4722200597
685,LRA,3,Very High, , ,54.6708984375,1211.79622186176
686,LRA,3,Very High, , ,17.5810546875,555.276554973004
687,LRA,3,Very High, , ,1441.9345703125,4539.88812264126
688,LRA,3,Very High, , ,157.7548828125,5309.23557427136
689,LRA,3,Very High, , ,26.5556640625,1092.0499227676
690,LRA,3,Very High, , ,176.5693359375,3090.96570167952
691,LRA,3,Very High, , ,70.9453125,1471.49060674637
692,LRA,3,Very High, , ,27.2197265625,858.13054273477
693,LRA,3,Very High, , ,119.3759765625,2737.52888894036
694,LRA,3,Very High, , ,5527.6083984375,4894.74866507254
695,LRA,3,Very High, , ,165.7958984375,620.291072206145
696,LRA,3,Very High, , ,6.0283203125,241.651589539038
697,LRA,3,Very High, , ,18245.5048828125,641.701582061056
698,LRA,3,Very High, , ,468.6904296875,88.8641543533807
699,LRA,3,Very High, , ,0.4169921875,3.13068755738027
700,LRA,3,Very High, , ,529.01171875,1279.6459124783
701,LRA,3,Very High, , ,925.208984375,1761.00375277636
702,LRA,3,Very High, , ,9.595703125,381.161164708771
703,LRA,3,Very High, , ,50207.2744140625,1437.02193877844
704,LRA,3,Very High, , ,31931.771484375,761.839204443973
705,LRA,3,Very High, , ,19.4248046875,656.09427874462
706,LRA,3,Very High, , ,17.4404296875,649.085245796906
707,LRA,3,Very High, , ,60.2763671875,1068.33823625983
708,LRA,3,Very High, , ,53.982421875,659.744970229759
709,LRA,3,Very High, , ,64191.2255859375,1344.43748051982
710,LRA,3,Very High, , ,17012.0166015625,1357.34780324025
711,LRA,3,Very High, , ,3.0595703125,28.8985344309053
712,LRA,3,Very High, , ,14759.0400390625,492.677724444511
713,LRA,3,Very High, , ,26.314453125,295.250763092152
714,LRA,3,Very High, , ,168.8837890625,62.9059915563439
715,LRA,3,Very High, , ,93522.0205078125,1731.89445305777
716,LRA,3,Very High, , ,6027.029296875,321.726430063917
717,LRA,3,Very High, , ,39.279296875,812.266467169172
718,LRA,3,Very High, , ,18.166015625,128.382134642077
719,LRA,3,Very High, , ,110444.245117188,1710.31017533118
720,LRA,3,Very High, , ,1033.248046875,189.438191060679
721,LRA,3,Very High, , ,344.908203125,678.386488178044
722,LRA,3,Very High, , ,45057.783203125,1618.10019387031
723,LRA,3,Very High, , ,45651.7216796875,1007.99071383609
724,LRA,3,Very High, , ,5799.533203125,549.107742344822
725,LRA,3,Very High, , ,3041.4794921875,285.274751767711
726,LRA,3,Very High, , ,215279.749023438,14877.7845730306
727,LRA,3,Very High, , ,315.1396484375,87.4399592603163
728,LRA,3,Very High, , ,20531.400390625,600.992100103237
729,LRA,3,Very High, , ,41854.3125,868.713619261546
730,LRA,3,Very High, , ,14281.533203125,503.949571242825
731,LRA,3,Very High, , ,9180.9599609375,672.170272387085
732,LRA,3,Very High, , ,2224.619140625,1209.38884319636
733,LRA,3,Very High, , ,2596.3134765625,257.420343115531
734,LRA,3,Very High, , ,464.44921875,106.250335262301
735,LRA,3,Very High, , ,1338.12890625,2086.52362110673
736,LRA,3,Very High, , ,78.3681640625,2024.31702428075
737,LRA,3,Very High, , ,3010.8486328125,2888.20044113938
738,LRA,3,Very High, , ,0.595703125,7.95898353077773
739,LRA,3,Very High, , ,840.9130859375,3929.7098088027
740,LRA,3,Very High, , ,214508.75,2726.23803980323
741,LRA,3,Very High, , ,260.3330078125,4151.89499810612
742,LRA,3,Very High, , ,845.91015625,832.388313587484
743,LRA,3,Very High, , ,34921.97265625,762.064776535925
744,LRA,3,Very High, , ,1.0263671875,75.5591037495404
745,LRA,3,Very High, , ,6.3212890625,133.646534104376
746,LRA,3,Very High, , ,4244.0546875,572.649524470375
747,LRA,3,Very High, , ,394.5302734375,95.9185833041301
748,LRA,3,Very High, , ,7139.1708984375,369.730275211573
749,LRA,3,Very High, , ,206.0185546875,60.1565313001235
750,LRA,3,Very High, , ,644.2197265625,574.984350430091
751,LRA,3,Very High, , ,9.22265625,47.6763953790336
752,LRA,3,Very High, , ,8.7275390625,245.293224283209
753,LRA,3,Very High, , ,171081.712890625,3819.01245037178
754,LRA,3,Very High, , ,3218.6171875,229.980053495893
755,LRA,3,Very High, , ,8703.2666015625,594.33926464811
756,LRA,3,Very High, , ,451.2919921875,2183.54522896947
757,LRA,3,Very High, , ,847.4833984375,121.996862066111
758,LRA,3,Very High, , ,17224.4990234375,785.871788312988
759,LRA,3,Very High, , ,1682.9267578125,192.324457928708
760,LRA,3,Very High, , ,9474.9033203125,422.122596788434
761,LRA,3,Very High, , ,5079.6357421875,418.380511762017
762,LRA,3,Very High, , ,662.060546875,109.598131379349
763,LRA,3,Very High, , ,1050.0263671875,137.634772578857
764,LRA,3,Very High, , ,26.6064453125,784.795607159622
765,LRA,3,Very High, , ,26.095703125,662.727906768146
766,LRA,3,Very High, , ,3.078125,74.0219730485879
767,LRA,3,Very High, , ,2796.814453125,446.059390464358
768,LRA,3,Very High, , ,201898.5,1864.08203066813
769,LRA,3,Very High, , ,101.0927734375,198.984620984531
770,LRA,3,Very High, , ,249117.444335938,2261.52978600842
771,LRA,3,Very High, , ,6.021484375,12.2802662479413
772,LRA,3,Very High, , ,73.337890625,371.857724333832
773,LRA,3,Very High, , ,443.0234375,739.790552710076
774,LRA,3,Very High, , ,40.62109375,125.891634584782
775,LRA,3,Very High, , ,411.78125,735.895622130396
776,LRA,3,Very High, , ,22012.7646484375,858.335680975101
777,LRA,3,Very High, , ,4.908203125,133.15662982267
778,LRA,3,Very High, , ,12.9111328125,404.940908228804
779,LRA,3,Very High, , ,0.650390625,15.182414617924
780,LRA,3,Very High, , ,7441.615234375,2631.05232767352
781,LRA,3,Very High, , ,14.20703125,105.579307437894
782,LRA,3,Very High, , ,286881.115234375,4642.47412147207
783,LRA,3,Very High, , ,5434.8056640625,620.022688464067
784,LRA,3,Very High, , ,25223.953125,1301.11458566491
785,LRA,3,Very High, , ,1710.3251953125,1898.29344344559
786,LRA,3,Very High, , ,982.958984375,170.589818006347
787,LRA,3,Very High, , ,39.65625,254.630623428566
788,LRA,3,Very High, , ,35.4580078125,453.771041235531
789,LRA,3,Very High, , ,42036.7734375,3214.0828883964
790,LRA,3,Very High, , ,498.7529296875,133.486188690945
791,LRA,3,Very High, , ,14617.0068359375,1637.10853685632
792,LRA,3,Very High, , ,128.5166015625,111.533968800323
793,LRA,3,Very High, , ,25.2744140625,29.0197790912584
794,LRA,3,Very High, , ,487.1181640625,501.794180923489
795,LRA,3,Very High, , ,894.6845703125,147.760109719509
796,LRA,3,Very High, , ,1.2548828125,23.6703530927068
797,LRA,3,Very High, , ,20.017578125,614.4956248178
798,LRA,3,Very High, , ,6924.98828125,443.698872239336
799,LRA,3,Very High, , ,9.7216796875,311.222413970602
800,LRA,3,Very High, , ,3423.9912109375,985.642933261293
801,LRA,3,Very High, , ,9019.265625,543.044772917125
802,LRA,3,Very High, , ,359.1484375,219.936926651949
803,LRA,3,Very High, , ,232.59765625,215.490795046842
804,LRA,3,Very High, , ,127.3671875,346.905206426203
805,LRA,3,Very High, , ,15684.958984375,3370.35686456296
806,LRA,3,Very High, , ,4.849609375,90.4323539239502
807,LRA,3,Very High, , ,94.2490234375,2173.48739512703
808,LRA,3,Very High, , ,0.0849609375,6.8911818786184
809,LRA,3,Very High, , ,6389.6484375,565.987803787106
810,LRA,3,Very High, , ,902.486328125,1003.74190515552
811,LRA,3,Very High, , ,84.0947265625,1517.82550042439
812,LRA,3,Very High, , ,2.3359375,126.707933406016
813,LRA,3,Very High, , ,0.130859375,4.1448361076075
814,LRA,3,Very High, , ,0.3505859375,6.27828355748153
815,LRA,3,Very High, , ,2.388671875,100.796244278193
816,LRA,3,Very High, , ,27.7841796875,46.0570387482076
817,LRA,3,Very High, , ,23.1474609375,769.082262027855
818,LRA,3,Very High, , ,602.2744140625,99.3129344527202
819,LRA,3,Very High, , ,286797.067382812,2259.09453591323
820,LRA,3,Very High, , ,805.4501953125,183.535072123247
821,LRA,3,Very High, , ,647.833984375,207.621594596445
822,LRA,3,Very High, , ,5.212890625,217.271438770738
823,LRA,3,Very High, , ,1080.71484375,158.929379328446
824,LRA,3,Very High, , ,1640.77734375,204.090663717938
825,LRA,3,Very High, , ,13403.7841796875,900.437913089319
826,LRA,3,Very High, , ,4.8076171875,72.0999274162002
827,LRA,3,Very High, , ,1.169921875,13.8665636821109
828,LRA,3,Very High, , ,176.8818359375,398.167167063447
829,LRA,3,Very High, , ,18430.39453125,732.059088072187
830,LRA,3,Very High, , ,0.07421875,3.68857243637182
831,LRA,3,Very High, , ,0.0732421875,3.66246539969228
832,LRA,3,Very High, , ,0.0244140625,1.57997061288619
833,LRA,3,Very High, , ,0.0283203125,2.08438770068869
834,LRA,3,Very High, , ,0.0263671875,2.10571319610213
835,LRA,3,Very High, , ,0.0244140625,2.10872602281639
836,LRA,3,Very High, , ,0.0498046875,3.15201137829473
837,LRA,3,Very High, , ,77978.4052734375,2626.08715544292
838,LRA,3,Very High, , ,0.0439453125,3.14954153505022
839,LRA,3,Very High, , ,31.51171875,54.5305270948578
840,LRA,3,Very High, , ,0.7880859375,41.8708255329355
841,LRA,3,Very High, , ,2.421875,58.8210803894966
842,LRA,3,Very High, , ,14.009765625,33.3819390968395
843,LRA,3,Very High, , ,270.2568359375,168.037657649838
844,LRA,3,Very High, , ,3516.7060546875,266.536220178014
845,LRA,3,Very High, , ,0.0341796875,2.28045510823698
846,LRA,3,Very High, , ,0.0859375,2.93341913788202
847,LRA,3,Very High, , ,0.0263671875,2.18269385238091
848,LRA,3,Very High, , ,0.04296875,2.26871976993986
849,LRA,3,Very High, , ,0.03125,2.30942272882255
850,LRA,3,Very High, , ,0.0830078125,2.95350014060712
851,LRA,3,Very High, , ,1.0888671875,39.5360947705229
852,LRA,3,Very High, , ,9870584.46582031,15764.4902001772
853,LRA,3,Very High, , ,16.19921875,117.548374688271
854,LRA,3,Very High, , ,411.53125,509.952003236549
855,LRA,3,Very High, , ,1.2734375,43.9212469692713
856,LRA,3,Very High, , ,0.017578125,1.32475286726201
857,LRA,3,Very High, , ,1751.60546875,326.171415084468
858,LRA,3,Very High, , ,0.95703125,10.6658788235672
859,LRA,3,Very High, , ,59.5927734375,34.9407011679726
860,LRA,3,Very High, , ,27.3271484375,42.7218394031257
861,LRA,3,Very High, , ,19.8623046875,140.514466030003
862,LRA,3,Very High, , ,119.2529296875,1372.74450372618
863,LRA,3,Very High, , ,2.1953125,118.018939456972
864,LRA,3,Very High, , ,57.109375,37.2853631591566
865,LRA,3,Very High, , ,349.6171875,144.178301254612
866,LRA,3,Very High, , ,0.0283203125,1.56487795222826
867,LRA,3,Very High, , ,0.0537109375,2.40882539698828
868,LRA,3,Very High, , ,0.0263671875,1.6627195866177
869,LRA,3,Very High, , ,0.0234375,1.66024992230294
870,LRA,3,Very High, , ,0.0205078125,1.51792453223205
871,LRA,3,Very High, , ,478953.618164062,3665.7833080576
872,LRA,3,Very High, , ,4743.7080078125,465.264265314855
873,LRA,3,Very High, , ,21131.0673828125,871.397337592735
874,LRA,3,Very High, , ,15.56640625,777.232901089716
875,LRA,3,Very High, , ,143.22265625,49.2848692315094
876,LRA,3,Very High, , ,18.4736328125,508.730004575045
877,LRA,3,Very High, , ,4.53515625,130.884991494889
878,LRA,3,Very High, , ,1.103515625,53.1366323358677
879,LRA,3,Very High, , ,0.11328125,7.30939916734022
880,LRA,3,Very High, , ,335502.258789062,2980.33723623628
881,LRA,3,Very High, , ,15.2880859375,534.598084146862
882,LRA,3,Very High, , ,13184.1748046875,707.046153104367
883,LRA,3,Very High, , ,33.6484375,89.4602072347711
884,LRA,3,Very High, , ,41.2666015625,324.247589355636
885,LRA,3,Very High, , ,37.8427734375,110.084531140509
886,LRA,3,Very High, , ,0.232421875,3.62390452697811
887,LRA,3,Very High, , ,9.42578125,197.397732473836
888,LRA,3,Very High, , ,919.962890625,153.34561706483
889,LRA,3,Very High, , ,2118.2216796875,275.87285370023
890,LRA,3,Very High, , ,5490.041015625,307.543941316299
891,LRA,3,Very High, , ,0.87109375,5.10272973787205
892,LRA,3,Very High, , ,10400.9814453125,566.551614442552
893,LRA,3,Very High, , ,223.3994140625,1776.63386581128
894,LRA,3,Very High, , ,1135.177734375,171.866253912647
895,LRA,3,Very High, , ,37.42578125,1005.3687376396
896,LRA,3,Very High, , ,206.4814453125,64.500676604435
897,LRA,3,Very High, , ,2299.1640625,269.786716366915
898,LRA,3,Very High, , ,3798.3251953125,375.974144459268
899,LRA,3,Very High, , ,55810.3193359375,940.39855258157
900,LRA,3,Very High, , ,2208.56640625,215.361251367965
901,LRA,3,Very High, , ,75.0703125,159.984180959701
902,LRA,3,Very High, , ,4332.294921875,480.208811396405
903,LRA,3,Very High, , ,3.400390625,130.315102467917
904,LRA,3,Very High, , ,159135.108398438,2202.81080025015
905,LRA,3,Very High, , ,1069.7255859375,806.459022647097
906,LRA,3,Very High, , ,40.517578125,1140.670561307
907,LRA,3,Very High, , ,59.224609375,470.32750304865
908,LRA,3,Very High, , ,14.4091796875,385.4788016943
909,LRA,3,Very High, , ,131.4619140625,1205.28940110103
910,LRA,3,Very High, , ,4.0771484375,216.390853572267
911,LRA,3,Very High, , ,0.9931640625,28.5167838671213
912,LRA,3,Very High, , ,22.978515625,422.896597093868
913,LRA,3,Very High, , ,66.9951171875,193.597888727931
914,LRA,3,Very High, , ,64.4580078125,1323.35182259273
915,LRA,3,Very High, , ,2322.935546875,415.159205822711
916,LRA,3,Very High, , ,597.951171875,364.035468406977
917,LRA,3,Very High, , ,4.06640625,123.768165323576
918,LRA,3,Very High, , ,3.62109375,101.921416932448
919,LRA,3,Very High, , ,16.3447265625,413.714110738308
920,LRA,3,Very High, , ,0.8173828125,28.1113049231798
921,LRA,3,Very High, , ,36.2958984375,323.446341329408
922,LRA,3,Very High, , ,25.4677734375,379.044265353616
923,LRA,3,Very High, , ,3.4033203125,131.280924910876
924,LRA,3,Very High, , ,1.177734375,9.30108772829707
925,LRA,3,Very High, , ,7.3779296875,106.458717043782
926,LRA,3,Very High, , ,1.986328125,61.0621458525922
927,LRA,3,Very High, , ,21.427734375,193.813090464153
928,LRA,3,Very High, , ,2.8837890625,54.4293002433864
929,LRA,3,Very High, , ,0.701171875,9.6007486815365
930,LRA,3,Very High, , ,0.3203125,2.84398660355749
931,LRA,3,Very High, , ,89.599609375,88.5986417088936
932,LRA,3,Very High, , ,93.6474609375,88.0865022189138
933,LRA,3,Very High, , ,226.11328125,1201.97933957255
934,LRA,3,Very High, , ,65.1318359375,131.913441733852
935,LRA,3,Very High, , ,594.72265625,1534.79853443847
936,LRA,3,Very High, , ,40.9267578125,130.761433007317
937,LRA,3,Very High, , ,6166.8203125,2019.59474890264
938,LRA,3,Very High, , ,1087818.79199219,7688.83769713435
939,LRA,3,Very High, , ,31.009765625,217.533844226032
940,LRA,3,Very High, , ,291288.791992188,4677.23201875667
